NAMELSAD10,Median income (dollars),Average vehicle,number of bus stops,area(m2),density(/hectare),Nearest distance (km),percent_households_with_car
Census Tract 1001,90788,1.752148997,11,1177657.678,0.093405751,375.689367,97
Census Tract 1002,129875,1.513109978,28,2088930.114,0.134039908,531.1085208,85
Census Tract 1003,111659,1.376379691,14,2286749.829,0.061222263,210.0348558,76
Census Tract 1004,131786,1.769904459,6,971271.7157,0.061774681,219.2963295,93
Census Tract 1005,120493,1.536225597,12,1957723.812,0.061295674,1225.454798,91
Census Tract 1006,84464,1.550299076,25,1282269.746,0.194966777,12.21338032,94
Census Tract 1007,113542,1.972390944,8,1215251.556,0.065829992,416.141565,95
Census Tract 101,79102,0.687729311,1,381062.5105,0.026242414,220.7654615,52
Census Tract 102.01,50698,0.894645941,3,504471.0337,0.059468231,374.5360038,67
Census Tract 102.02,47500,0.812341505,12,351719.7987,0.34118068,78.26202259,61
Census Tract 103,76028,0.922240527,14,472019.1651,0.296598126,118.7601162,65
Census Tract 104,93852,0.606142728,9,1151361.225,0.078168344,306.5665958,52
Census Tract 105.01,56196,0.540763226,8,202152.0721,0.395741677,171.0536064,48
Census Tract 105.02,60250,0.693174288,4,180366.671,0.221770462,122.9722517,56
Census Tract 105.03,47969,0.482041588,5,194274.9345,0.257367221,231.7865043,39
Census Tract 106,101400,0.743957968,10,494954.4765,0.202038783,90.22446688,58
Census Tract 107.01,62500,1.227848101,7,429679.7055,0.162912046,51.72785214,85
Census Tract 107.02,65897,0.810354223,13,357548.4915,0.363587047,25.77912784,68
Census Tract 1101,65897,0.810354223,9,1849056.209,0.04867348,115.5812222,95
Census Tract 1102,65897,0.810354223,15,596252.334,0.251571342,196.6505834,73
Census Tract 1103,65897,0.810354223,24,1210673.374,0.198236787,47.27534938,97
Census Tract 1104,65897,0.810354223,13,934115.8191,0.139169038,128.2198704,88
Census Tract 1105.01,65897,0.810354223,13,791607.5131,0.164222797,203.6772331,95
Census Tract 1105.02,65897,0.810354223,25,649188.6028,0.385096101,158.125654,79
Census Tract 1201,65897,0.810354223,43,2789740.431,0.154136204,101.8361172,98
Census Tract 1202,65897,0.810354223,18,2392155.652,0.07524594,134.0147509,96
Census Tract 1203,65897,0.810354223,20,2054601.276,0.097342488,125.4032932,97
Census Tract 1204,65897,0.810354223,13,1064717.221,0.122098147,213.3871827,90
Census Tract 1301,65897,0.810354223,27,1839642.199,0.14676767,92.93928523,76
Census Tract 1302,84438,1.457300275,21,2079500.326,0.100985798,606.6636699,99
Census Tract 1303,69107,1.460606061,12,721099.8136,0.166412468,33.71403884,85
Census Tract 1401,52434,1.044827586,7,287980.9048,0.243071672,282.3881377,77
Census Tract 1402,59967,1.088142707,5,394454.9961,0.126757173,59.45437508,76
Census Tract 1403.01,61830,0.980301275,6,164127.4108,0.365569649,93.34020051,71
Census Tract 1403.02,100560,1.396923077,5,421893.2596,0.118513389,336.8960611,91
Census Tract 1404,101735,1.460903351,21,1181560.925,0.177730996,390.7921102,89
Census Tract 1405,75682,1.460354119,9,452820.1482,0.198754407,315.1689498,91
Census Tract 1406.01,80194,1.441001192,8,272125.271,0.293982252,161.7476185,81
Census Tract 1406.02,46250,1.199641363,5,384381.922,0.130078958,396.4341091,75
Census Tract 1407.01,72986,1.044676806,10,228325.8675,0.437970525,67.27955314,80
Census Tract 1407.02,56458,1.073898626,8,427093.2699,0.187312715,63.11448194,74
Census Tract 1408,108009,1.026587302,7,724393.4869,0.096632564,364.7991089,75
Census Tract 1502,93324,1.319559229,37,1326771.744,0.278872385,11.94465499,81
Census Tract 1503,90603,1.490691489,32,1326521.482,0.24123243,11.58680504,90
Census Tract 1504.01,83974,1.48475792,22,738023.716,0.298093402,340.1756928,93
Census Tract 1504.02,101458,1.520491803,18,662510.8173,0.271693677,395.3553208,93
Census Tract 1505.01,104219,1.697564276,11,698785.8669,0.157415891,445.5597606,96
Census Tract 1505.02,95625,1.45,18,684581.1871,0.262934482,382.8153471,83
Census Tract 1506,83545,1.659930314,14,656191.437,0.213352373,394.3369279,94
Census Tract 1507,85433,1.470895522,10,662401.9231,0.150965745,394.7804164,95
Census Tract 1508,78125,1.806963958,14,661046.0778,0.211785539,395.3034886,98
Census Tract 1510.01,90972,1.506756757,4,330132.6302,0.121163424,398.8105269,88
Census Tract 1510.02,74643,1.55140799,14,637150.7418,0.219728223,9.131372317,87
Census Tract 1511,68611,1.461538462,13,660843.5466,0.196718271,396.1941039,89
Census Tract 1512,81969,1.448113208,18,655585.5368,0.274563714,399.5826293,87
Census Tract 1601,86316,1.389969294,6,593563.9521,0.101084306,377.4061376,89
Census Tract 1602,166012,1.628003314,11,957665.5129,0.114862651,216.94134,90
Census Tract 1603,89583,1.06372275,12,426170.4091,0.281577504,255.810667,72
Census Tract 1604,85476,1.324702227,13,657337.3492,0.197767554,395.0916619,84
Census Tract 1605.01,63571,1.544417278,9,345246.377,0.260683402,2.591758993,87
Census Tract 1605.02,82740,1.334921715,6,310885.0483,0.192997381,21.60907112,85
Census Tract 1606.01,102188,1.178181818,4,397111.9433,0.100727265,205.0150867,83
Census Tract 1606.02,69559,1.352310784,7,518378.2846,0.135036521,224.8567634,88
Census Tract 1607,86020,1.341218925,12,794343.9923,0.151068053,394.3406849,92
Census Tract 1608,64464,1.445517982,13,657627.5974,0.197680268,11.06910215,91
Census Tract 1609,117647,1.413540714,14,657732.3497,0.212852538,396.3594999,90
Census Tract 1610,131875,1.271820449,10,426501.4434,0.234465795,269.4894846,90
Census Tract 1611,139659,1.716955941,17,576341.1933,0.294964167,205.5545523,94
Census Tract 1612,59926,1.443911793,5,517850.1364,0.09655303,402.3096309,89
Census Tract 1613,63250,1.282051282,16,497595.9059,0.321546054,92.47101189,79
Census Tract 1701,68068,1.139982502,25,1014633.413,0.246394409,347.0596208,83
Census Tract 1702,85150,1.780960404,17,653043.0179,0.260319757,396.123847,96
Census Tract 1703,92969,1.81045025,22,1398901.028,0.157266308,396.2152178,96
Census Tract 1704,89674,1.59554731,12,769030.342,0.156040657,412.4877669,97
Census Tract 1705,106982,1.659929257,17,1539543.17,0.110422366,235.6448963,93
Census Tract 1706,85721,1.740856844,7,566524.9514,0.123560312,395.6028673,94
Census Tract 1707,79263,1.86437613,8,579672.417,0.138008982,404.8282904,92
Census Tract 1708,71652,1.586675731,12,730333.2658,0.16430855,393.8732429,91
Census Tract 1709,76815,1.700156986,6,320577.0813,0.187162475,192.6969615,96
Census Tract 1710,105170,1.704220183,23,1393043.575,0.165106106,403.3731404,96
Census Tract 1711,94325,1.763636364,14,666147.607,0.210163631,400.985042,96
Census Tract 1801,76797,1.550114416,17,1062790.994,0.159956192,399.5340466,88
Census Tract 1901,79041,1.181034483,9,316149.5687,0.284675384,183.5506786,72
Census Tract 1902,70438,1.730553827,14,660109.1078,0.212086151,395.2483207,89
Census Tract 1903,86860,1.606486486,11,660302.6123,0.166590284,396.33056,83
Census Tract 1904.01,64574,1.714932127,18,655473.2912,0.274610732,399.475425,93
Census Tract 1904.02,71591,1.56285073,16,653980.1929,0.244655728,397.4192145,91
Census Tract 1906.01,58333,1.881433824,18,690031.1243,0.260857799,399.6302527,92
Census Tract 1906.02,67237,1.462442848,15,621353.18,0.241408598,396.8169196,88
Census Tract 1907.01,75729,1.493606138,6,277867.9559,0.2159299,165.0639797,88
Census Tract 1907.02,48455,1.373779637,5,383492.0891,0.130380786,225.8243285,88
Census Tract 1908,64387,1.530516432,12,661317.8594,0.181455859,394.5378994,81
Census Tract 1909,80375,1.467741935,6,314637.0045,0.190695942,192.2104773,81
Census Tract 1910,87404,1.73458445,11,434312.312,0.253273962,245.4056598,92
Census Tract 1911,53058,1.319047619,23,822427.5966,0.279659876,299.3519283,83
Census Tract 1912,53306,1.398320896,21,705575.0804,0.297629559,241.6857521,83
Census Tract 1913.01,85213,1.580606782,20,674993.2076,0.296299278,133.4178825,79
Census Tract 1913.02,56295,1.599841521,18,631189.9031,0.285175664,61.18524239,80
Census Tract 2001,85521,1.481570513,6,586780.2668,0.102252927,371.8076657,86
Census Tract 2002,62011,1.598742138,12,818683.8945,0.14657672,383.6928564,88
Census Tract 2003,94087,1.451010886,10,250668.5036,0.398933247,95.47956587,90
Census Tract 2004.01,57941,1.561643836,3,402814.2788,0.074476009,317.8678739,87
Census Tract 2004.02,55583,1.825345248,9,386204.2692,0.2330373,280.9977115,94
Census Tract 201,55583,1.825345248,7,411311.3712,0.170187369,250.5526352,87
Census Tract 202,55583,1.825345248,20,1241962.629,0.161035441,10.87211824,96
Census Tract 203.01,55583,1.825345248,15,825541.8581,0.181698842,331.6797681,83
Census Tract 203.02,55583,1.825345248,17,639919.3701,0.265658469,10.50877868,86
Census Tract 204,55583,1.825345248,12,555411.5283,0.216056012,27.41357002,89
Census Tract 205,55583,1.825345248,11,771659.1924,0.142549977,389.3586969,85
Census Tract 206.01,55583,1.825345248,12,591326.1234,0.202933703,171.9582782,85
Census Tract 206.02,55583,1.825345248,6,492025.0794,0.121945003,297.8916332,81
Census Tract 207.01,55583,1.825345248,22,591392.8729,0.37200313,126.8224055,97
Census Tract 207.02,55583,1.825345248,26,786874.4549,0.330421198,255.8832949,85
Census Tract 208.01,55583,1.825345248,14,655950.3244,0.213430796,345.6794204,91
Census Tract 208.02,55583,1.825345248,17,644014.9084,0.263969044,388.2232831,87
Census Tract 209.01,55583,1.825345248,10,486915.2112,0.205374566,299.12794,82
Census Tract 209.02,55583,1.825345248,5,503213.3813,0.099361428,399.2951991,80
Census Tract 2101,95244,1.374774775,16,854097.5977,0.187332221,275.2983391,88
Census Tract 2104,44643,1.24125,9,419634.6618,0.214472274,262.1877275,80
Census Tract 2105.01,53750,1.024336283,14,313077.451,0.447173693,73.86936428,74
Census Tract 2105.02,65528,1.205783457,7,345944.9782,0.202344316,208.5500479,84
Census Tract 2106.01,83571,1.228193833,8,273653.7144,0.292340267,32.89036357,82
Census Tract 2106.02,81856,1.312285518,14,380700.7515,0.367742904,14.74299013,82
Census Tract 2107,79125,1.253561254,6,497303.8185,0.120650592,408.207335,85
Census Tract 2108,64671,1.19239905,5,162931.2177,0.306877962,94.53967175,87
Census Tract 2109,90750,1.411676647,10,570569.4913,0.175263489,360.5064436,93
Census Tract 2203,121908,1.315144766,7,326092.3531,0.214663114,198.1788928,93
Census Tract 2204,125625,1.260986547,10,329547.5696,0.303446328,198.3432488,83
Census Tract 2205,101304,0.962748344,8,334923.8863,0.23886024,68.6514422,77
Census Tract 2206.01,100417,1.219101124,7,189119.5016,0.370136339,91.03834801,77
Census Tract 2206.02,87024,0.722096531,19,464796.4367,0.408781103,84.04215448,57
Census Tract 2207.01,67689,1.204155375,3,266384.4117,0.112619202,169.4159522,80
Census Tract 2207.02,66402,1.286077559,15,575194.7785,0.260781227,264.5813355,88
Census Tract 2209.01,46326,1.201596806,3,293285.8428,0.102289288,218.2373771,80
Census Tract 2209.02,63365,1.438722966,6,330305.138,0.181650217,189.6049718,89
Census Tract 2210,87843,1.196445276,3,220048.6334,0.136333498,265.3890943,75
Census Tract 2211,87875,0.903759398,13,440041.2912,0.295426822,130.8207744,70
Census Tract 2212,119464,1.115722267,5,330424.8823,0.151320323,399.5912754,74
Census Tract 2213,95781,0.914937759,9,330106.8315,0.272639011,208.7318561,64
Census Tract 2214,153500,0.864130435,14,355032.5433,0.394330048,80.31647415,65
Census Tract 2215,91058,0.969049374,9,304901.7487,0.295177054,190.0048433,70
Census Tract 2216,178849,1.276702509,4,327910.312,0.121984575,201.5878208,87
Census Tract 2222,250000,1.127382146,11,231071.5477,0.476043031,112.2234467,83
Census Tract 2225,98750,1.549194991,5,158413.3398,0.315629985,189.2957234,90
Census Tract 2226,100385,1.022576361,2,160601.6583,0.124531715,204.3142117,77
Census Tract 2227,71250,1.215517241,7,226171.4984,0.309499652,131.462624,88
Census Tract 2228,86500,1.054187192,1,111384.6688,0.089778962,201.7313943,80
Census Tract 2301,66538,1.301242236,2,164481.7029,0.121594072,195.2613704,84
Census Tract 2302,66538,1.217777778,8,210189.9501,0.380608112,130.370121,79
Census Tract 2303,46364,1.603703704,1,104633.2765,0.09557189,190.5734753,89
Census Tract 2304,56250,1.394808743,6,334578.8563,0.179329921,194.2182464,90
Census Tract 2305,40500,1.025402202,14,517113.4673,0.270733618,203.3883461,70
Census Tract 2306,44320,1.265316719,21,1020378.752,0.205805932,323.9971306,74
Census Tract 2307,44483,1.55661882,22,650134.8125,0.338391355,217.1156589,89
Census Tract 2308,56447,1.625,3,205651.452,0.145877891,266.5784625,92
Census Tract 2309,53939,1.187082405,11,455180.037,0.241662619,120.3614761,80
Census Tract 2311,75139,1.075324675,5,176381.8517,0.283475876,228.9641926,70
Census Tract 2312,36060,0.82675551,12,656680.8041,0.182737183,396.9045242,67
Census Tract 2315,40250,0.936315022,14,1000739.536,0.139896541,403.5944079,60
Census Tract 2402,200556,1.216352201,4,166088.084,0.240836061,195.3992688,77
Census Tract 2403,179583,1.049019608,2,166590.1255,0.120055135,198.3286559,75
Census Tract 2405,225064,1.053291536,10,233368.9885,0.42850595,199.3660116,89
Census Tract 2406,167500,1.319508449,3,162941.1791,0.18411552,199.789138,91
Census Tract 2407,99083,1.235378031,4,163219.3317,0.24506901,195.4211813,80
Census Tract 2408,115278,1.227826087,3,165946.0549,0.18078164,205.7827859,86
Census Tract 2409,84167,0.988929889,21,1005122.767,0.208929702,200.8453227,79
Census Tract 2410,67083,1.140808344,3,210165.5539,0.14274461,242.8826239,81
Census Tract 2411,92063,1.099649123,10,333254.8574,0.300070645,194.0714459,75
Census Tract 2412,136950,1.13950762,6,328122.4522,0.182858563,191.7233378,71
Census Tract 2413,169545,1.150845254,1,164084.2205,0.060944312,301.9032027,84
Census Tract 2414,179375,1.059547439,15,517653.8822,0.289768908,200.9167462,79
Census Tract 2415,160430,1.188736682,8,302869.5281,0.264140141,190.6921733,84
Census Tract 2416,99097,0.990536278,7,293931.5031,0.238150723,183.9226214,76
Census Tract 2420,134633,1.081054688,10,326758.4672,0.306036446,226.6180782,71
Census Tract 2421,157069,1.069591528,5,327980.2592,0.1524482,193.1829092,89
Census Tract 2422,190000,1.128919861,6,326987.6321,0.183493179,195.4651422,86
Census Tract 2423,137795,1.264071856,9,328316.8362,0.274125449,197.5922048,91
Census Tract 2424,140781,1.083391244,8,328050.7017,0.243864743,193.3466995,75
Census Tract 2425,88194,1.043506078,7,309812.32,0.225943242,188.9014287,76
Census Tract 2426,72269,1.048668885,13,475743.1414,0.273256698,260.0053817,71
Census Tract 2427,80298,0.996047431,5,175571.4043,0.284784417,193.4256436,75
Census Tract 2428,123382,1.317512275,16,439629.4225,0.363942884,109.3841959,88
Census Tract 2429,156667,1.171136654,8,323820.3508,0.247050563,158.417137,88
Census Tract 2430,121634,1.262310606,11,324546.2691,0.338934724,157.3671985,85
Census Tract 2431,143272,1.241917503,10,324004.825,0.308637379,156.7743009,86
Census Tract 2432,182019,1.152663934,10,323849.0502,0.308785837,157.604298,90
Census Tract 2433,154926,1.004942339,7,327091.5952,0.214007333,164.7234458,72
Census Tract 2434,96620,1.035579107,5,329180.5938,0.151892308,183.8215494,67
Census Tract 2435,174079,1.15932377,21,657214.7906,0.31953024,162.6615755,82
Census Tract 2502,62917,1.324096386,8,499202.7948,0.160255513,301.8696344,79
Census Tract 2503,45402,1.277013752,8,618077.5585,0.129433594,371.647987,79
Census Tract 2504,47150,1.335696203,26,1309688.003,0.198520563,7.480155838,77
Census Tract 2505,128379,1.519626168,22,2061367.424,0.106725272,611.7061618,87
Census Tract 2506,63723,1.715864246,15,647769.3653,0.231563899,390.7480737,91
Census Tract 2507,51213,1.252772643,18,662596.5468,0.271658524,398.0966339,79
Census Tract 2508,51667,1.281746032,14,573867.2047,0.243958879,364.4712706,77
Census Tract 2511,30024,0.958794588,11,496451.6209,0.221572446,298.6341362,63
Census Tract 2512,63068,1.640098603,16,662289.654,0.241586138,399.6876006,84
Census Tract 2513,32538,1.158125915,18,653465.8448,0.275454335,397.5356644,74
Census Tract 2514,46350,0.674792784,11,680674.1533,0.161604491,414.0586704,47
Census Tract 2515,71548,0.774145617,11,682474.5991,0.16117816,414.9009234,52
Census Tract 2516,30625,1.18556701,7,480785.7486,0.145594998,298.3613513,71
Census Tract 2517,58508,1.43556701,10,486655.9381,0.205483982,96.58794373,86
Census Tract 2518,22407,0.795868773,16,997742.3963,0.160362034,197.7474785,53
Census Tract 2519,33819,0.64964965,15,633901.5759,0.236629795,378.7562822,49
Census Tract 2520,33077,0.708745875,15,636147.5833,0.235794341,381.1588516,51
Census Tract 2521.01,57375,1.036977492,20,850097.5751,0.23526711,227.3105386,64
Census Tract 2521.02,45086,1.008920188,29,668485.6282,0.433816357,12.73364574,68
Census Tract 2522.01,41985,0.974593496,14,386788.2459,0.361955156,41.48403405,75
Census Tract 2522.02,40313,1.138231631,27,637446.8887,0.4235647,20.54516604,74
Census Tract 2601,31346,0.477186312,6,324422.8359,0.184943824,199.2500376,39
Census Tract 2602,39485,1.089347079,6,328335.0521,0.18274016,221.2553732,72
Census Tract 2604,52788,1.050884956,2,328224.9332,0.060933823,391.5236989,67
Census Tract 2605,38179,1.074503311,10,337546.0625,0.296255863,26.38426682,62
Census Tract 2606,32292,1.063789869,8,318886.7409,0.25087277,19.93490114,72
Census Tract 2607,30069,0.808795411,14,329143.4699,0.42534643,16.55019959,59
Census Tract 2608,34286,0.86997319,11,328946.7325,0.334400646,11.92354107,53
Census Tract 2609,28000,0.903394256,4,228196.4955,0.17528753,266.3426961,52
Census Tract 2610,39967,0.763824885,7,499034.8223,0.140270772,75.24739023,57
Census Tract 2705,29469,0.513377926,12,562047.9907,0.2135049,189.3287881,39
Census Tract 2712,40938,0.918478261,11,329808.5231,0.333526857,19.13306663,61
Census Tract 2713,30000,0.798913043,21,327412.2356,0.641393257,16.71280292,61
Census Tract 2714,27250,0.691358025,10,328374.3246,0.304530508,10.17776492,49
Census Tract 2715,46455,1,4,162820.1036,0.245669909,195.4313829,59
Census Tract 2718,38508,0.360576923,4,205983.6543,0.194190166,246.9420879,34
Census Tract 2801,201020,0.614884555,21,592603.2814,0.354368608,36.3582119,54
Census Tract 2804,38631,1.011299435,5,502202.1815,0.099561495,505.1172918,73
Census Tract 2809,18553,0.87654321,7,115080.4658,0.608270044,116.8918525,64
Census Tract 2819,138429,0.59750597,19,438803.0846,0.432996045,133.0787481,54
Census Tract 2827,61509,1.146520147,11,439299.5524,0.250398616,202.2973325,78
Census Tract 2828,74750,1.217391304,6,164410.1535,0.364940965,132.216275,81
Census Tract 2832,87813,0.91160221,8,235930.9541,0.339082255,15.23049238,67
Census Tract 2838,108816,1.141451415,4,376019.1294,0.106377567,230.6930265,84
Census Tract 2909,29821,0.802575107,15,996493.8927,0.150527767,398.6517109,59
Census Tract 2912,28214,0.855769231,12,329139.5845,0.364586958,32.68168836,57
Census Tract 2916,78750,1.837579618,3,220340.3346,0.136153011,277.9590126,92
Census Tract 2922,47656,0.938428875,12,398012.7098,0.30149791,75.03903533,60
Census Tract 2924,49426,1.021212121,10,330647.0984,0.302437253,196.2795151,57
Census Tract 2925,51075,0.953678474,16,982570.5902,0.162838173,386.928297,64
Census Tract 3005,53571,1.444444444,6,271032.0139,0.221376062,233.7379608,85
Census Tract 3006,43789,1.12254902,10,328180.8017,0.304710085,208.3611189,79
Census Tract 3007,41508,1.469374597,9,329126.758,0.273450875,197.0206095,81
Census Tract 3008,27353,1.157261795,9,325846.6746,0.276203525,196.5505671,73
Census Tract 3009,33306,1.143033292,6,327300.0441,0.183318032,197.4295889,91
Census Tract 301.01,33306,1.143033292,3,238051.7245,0.126023032,122.959025,56
Census Tract 301.02,33306,1.143033292,4,200459.8288,0.199541226,99.15898001,53
Census Tract 301.03,33306,1.143033292,3,187915.5514,0.15964618,91.65085945,51
Census Tract 301.04,33306,1.143033292,4,181021.9543,0.220967673,76.98605348,58
Census Tract 3011,53107,1.185483871,6,212133.2381,0.282841107,258.6281708,82
Census Tract 3012,33500,1.079881657,8,482202.9021,0.165905264,394.9892674,70
Census Tract 3016,26698,1.005772006,3,329515.9934,0.091042622,397.2784088,74
Census Tract 3017.01,46601,1.358139535,9,330772.9799,0.272089939,197.4771167,74
Census Tract 3017.02,42552,1.150246305,10,330991.0475,0.302122975,198.971869,84
Census Tract 3018.01,41993,1.368997473,7,694637.742,0.10077195,270.2507171,79
Census Tract 3018.02,41724,1.405063291,10,345010.4672,0.289846279,127.585301,84
Census Tract 3018.03,47879,1.273984443,7,351051.7117,0.199400822,302.0274152,81
Census Tract 302,47879,1.273984443,14,666196.4905,0.21014821,403.5924796,78
Census Tract 303,47879,1.273984443,6,314151.1143,0.190990887,186.1583051,64
Census Tract 304,47879,1.273984443,10,346489.1385,0.288609335,228.1620746,78
Census Tract 305,47879,1.273984443,17,618133.296,0.275021587,62.98531119,73
Census Tract 306.01,47879,1.273984443,5,252836.104,0.197756567,122.3044784,55
Census Tract 306.03,47879,1.273984443,3,115999.7666,0.25862121,134.9113813,41
Census Tract 306.04,47879,1.273984443,3,283748.9268,0.105727272,209.2092556,58
Census Tract 307.01,47879,1.273984443,1,69877.36052,0.143107867,108.5921809,48
Census Tract 307.02,47879,1.273984443,1,8298.575409,1.205026105,67.154454,68
Census Tract 307.03,47879,1.273984443,9,198287.9499,0.453885373,120.0387147,41
Census Tract 307.06,47879,1.273984443,10,581936.2353,0.171840133,283.3050921,49
Census Tract 308,47879,1.273984443,9,567411.7558,0.158614972,406.2155881,72
Census Tract 309,47879,1.273984443,18,408717.7112,0.440401762,133.2754473,80
Census Tract 310,47879,1.273984443,9,424893.1373,0.211817966,261.9026485,78
Census Tract 3102,96625,1.184767278,5,320481.7694,0.156015115,218.9954542,75
Census Tract 3103,54821,1.100828729,10,318219.6041,0.314248396,210.1715951,73
Census Tract 3104,125750,0.973070018,2,124462.6832,0.160690735,180.2000138,85
Census Tract 3105,57895,1.024904215,4,163307.2166,0.244937124,311.3605112,69
Census Tract 3106,91391,0.970226843,17,543017.569,0.313065377,175.1749016,70
Census Tract 3107,39722,0.807971014,6,160036.1521,0.374915288,124.4054436,52
Census Tract 3108,65811,1.180039139,8,332782.2794,0.240397416,197.1758571,71
Census Tract 3109,41847,1.093560146,20,484909.7576,0.412447877,99.66154019,77
Census Tract 311,41847,1.093560146,12,549967.3853,0.218194757,399.2489579,59
Census Tract 312,41847,1.093560146,11,326472.6382,0.336934821,199.2481554,45
Census Tract 313,41847,1.093560146,21,1098960.036,0.191089751,325.5849937,63
Census Tract 314,41847,1.093560146,33,2529485.36,0.13046132,279.4639288,58
Census Tract 315.01,41847,1.093560146,4,160448.0373,0.249301897,210.786723,66
Census Tract 315.02,41847,1.093560146,10,161701.9402,0.618421769,196.2210949,40
Census Tract 317,41847,1.093560146,12,477476.4724,0.251321284,46.87024366,62
Census Tract 318,41847,1.093560146,6,235147.9015,0.25515856,200.8498932,74
Census Tract 319,41847,1.093560146,7,257668.8903,0.271666478,197.1746167,62
Census Tract 3201,41847,1.093560146,37,910353.7997,0.406435388,41.39132436,
Census Tract 3204,250000,0.716292135,20,1459273.621,0.137054489,584.3900127,60
Census Tract 3206,181908,0.643395608,20,1158440.507,0.172645897,349.4632497,57
Census Tract 321,181908,0.643395608,22,431026.9657,0.510408901,23.6993493,53
Census Tract 3301,181908,0.643395608,40,3622939.471,0.110407586,600.9923793,
Census Tract 3302,182083,0.942699725,18,790503.6923,0.227702921,58.07244004,71
Census Tract 3403,42955,1.125690608,1,213698.2301,0.046794959,371.3547076,74
Census Tract 3404,68875,0.904522613,8,290254.6811,0.275620017,64.40552494,67
Census Tract 3405,24750,0.72978959,9,435448.1528,0.206683619,109.3464407,59
Census Tract 3406,17326,0.456470588,9,472400.3224,0.190516381,89.48417048,37
Census Tract 3501,57275,0.663624511,5,1086576.656,0.046016082,307.1274211,60
Census Tract 3504,23583,0.384730539,5,201453.5144,0.248196216,122.2005732,34
Census Tract 3510,57975,0.79059643,15,1485944.454,0.1009459,493.7458203,65
Census Tract 3511,14303,0.542406312,5,346345.6576,0.144364449,229.4211133,47
Census Tract 3514,18750,0.374720358,8,323710.5619,0.247134352,189.9978259,29
Census Tract 3602,38929,0.809904153,7,231661.6457,0.302164822,131.5391505,65
Census Tract 3801,120188,0.67816092,9,437442.3352,0.205741404,273.8237488,56
Census Tract 3802,57962,0.486215539,4,215128.3946,0.185935474,148.1659681,43
Census Tract 3805,57962,0.486215539,7,191450.1972,0.365630336,108.6987899,
Census Tract 3807,50167,0.75182102,4,244481.5885,0.163611502,199.7477895,
Census Tract 3812,85727,1.05106383,8,258551.1781,0.309416498,93.91745658,65
Census Tract 3814,26993,1.018624642,8,316691.6356,0.252611661,179.8215088,66
Census Tract 3815,20982,0.745387454,3,108676.117,0.276049613,95.45780075,65
Census Tract 3818,80288,0.956989247,9,319366.3656,0.28180801,195.022952,70
Census Tract 3819,52700,1.207476636,4,172692.0347,0.231626201,225.4155191,80
Census Tract 3901,129375,1.05312085,3,842814.0185,0.035595042,505.5941501,62
Census Tract 3902,105086,1.325221239,4,303793.7209,0.131668291,373.2340115,94
Census Tract 3903,42740,0.77919708,10,327048.6987,0.305764861,196.1221406,55
Census Tract 3905,69779,0.986873508,4,326518.0419,0.122504716,395.9149866,70
Census Tract 3906,163571,1.00477327,5,324629.9068,0.154021546,401.2690531,78
Census Tract 3907,114944,0.797046902,16,1430335.095,0.111861899,438.6219729,72
Census Tract 4003,35625,0.63968254,29,1464440.372,0.198027865,58.45391721,56
Census Tract 4004,36090,0.819235226,7,326943.174,0.214104485,197.0173006,60
Census Tract 4005,28705,0.589515331,6,326147.9587,0.183965585,193.2433524,49
Census Tract 4008,20197,0.499497487,18,493309.0253,0.364882844,114.2376913,41
Census Tract 401,20197,0.499497487,18,2001672.998,0.089924778,809.6863165,84
Census Tract 402.01,20197,0.499497487,25,721411.1269,0.346543033,229.6030867,82
Census Tract 402.02,20197,0.499497487,18,588656.0119,0.305781299,117.7469614,71
Census Tract 403,20197,0.499497487,9,767449.0924,0.117271622,109.830101,95
Census Tract 404.01,20197,0.499497487,7,385796.6392,0.181442742,253.3452046,88
Census Tract 404.02,20197,0.499497487,15,602582.7192,0.248928479,42.66753548,79
Census Tract 406,20197,0.499497487,11,331256.9613,0.332068493,197.1471379,76
Census Tract 407,20197,0.499497487,8,358078.6311,0.223414616,194.1613466,69
Census Tract 408,20197,0.499497487,4,230028.002,0.173891873,216.5271479,81
Census Tract 409,20197,0.499497487,10,321853.9248,0.310699955,197.3379195,60
Census Tract 4101,102260,0.596108949,9,484792.5037,0.185646435,407.0695496,52
Census Tract 4102,79792,0.724324324,4,65109.6988,0.614347797,90.10621601,57
Census Tract 4105,114063,0.918128655,7,262842.5108,0.266319173,220.9637503,65
Census Tract 4106,124583,0.666666667,3,252560.0033,0.118783654,252.1840069,52
Census Tract 4107,86771,0.701477833,4,260189.4344,0.153734144,252.6763602,60
Census Tract 4108,79431,0.526407429,6,249756.6374,0.240233856,189.4320964,47
Census Tract 4109,133370,0.837931034,11,965436.8804,0.113938055,395.1595598,70
Census Tract 4110,94044,0.52175884,13,1896925.025,0.068531965,563.5004878,49
Census Tract 4111,159063,0.809142857,5,282973.8463,0.176694775,257.73353,69
Census Tract 4112,250000,0.918678526,10,402445.2903,0.24848098,222.9158689,70
Census Tract 4201,28125,0.611580217,9,1379811.904,0.065226282,507.3044871,44
Census Tract 4202,70000,0.729984301,12,278187.9404,0.431363056,78.8639761,52
Census Tract 4203,47000,0.703012912,10,245119.4028,0.40796444,111.2825393,56
Census Tract 4204,30638,0.608895706,13,245126.7826,0.530337806,111.010252,48
Census Tract 4205,35703,0.712172924,10,245979.1577,0.406538509,94.80252309,61
Census Tract 4206,32500,0.732484076,11,243605.5218,0.451549699,94.65421035,62
Census Tract 4207,29271,0.839819005,14,650528.028,0.21520979,396.9582426,65
Census Tract 4208,54958,0.909799555,10,347600.9792,0.287686186,207.1673218,69
Census Tract 4212,43578,0.751708428,16,328220.4385,0.48747726,180.6336154,55
Census Tract 4301.01,35087,0.693705386,9,329505.059,0.273136929,198.865241,55
Census Tract 4301.02,49500,0.816593886,10,999262.3896,0.100073815,384.3650886,66
Census Tract 4302,34957,0.640994295,18,666843.9947,0.269928201,388.8928223,40
Census Tract 4303,25781,0.726553672,11,408970.5812,0.268968002,251.3981953,56
Census Tract 4304,47628,0.834832379,10,545171.2147,0.183428613,381.8890769,65
Census Tract 4305,20866,0.551845343,7,337332.5393,0.20751037,196.4806745,46
Census Tract 4306,75144,0.955223881,7,328335.4972,0.213196564,191.6918849,59
Census Tract 4307,41066,0.687543983,11,367775.3891,0.299095598,159.0014277,56
Census Tract 4308,69375,1.077348066,6,328072.0895,0.182886634,195.8238143,77
Census Tract 4309,62222,0.954712362,8,336514.1104,0.237731487,194.6618191,66
Census Tract 4312,63625,1.04048583,13,655296.4799,0.198383486,395.6063719,77
Census Tract 4313.01,38633,0.735273735,5,404076.1297,0.123739059,207.5744502,53
Census Tract 4313.02,35270,0.677842566,8,437420.9952,0.18289017,64.37675253,47
Census Tract 4314,33457,0.622222222,20,2204824.277,0.090710177,596.9623933,53
Census Tract 4401.01,25139,0.513342379,6,382675.433,0.156790833,301.4469058,42
Census Tract 4401.02,57772,0.929656725,8,627504.3615,0.127489154,311.4790498,70
Census Tract 4402.02,53871,0.915254237,15,781698.6175,0.191889811,478.293837,69
Census Tract 4403,89821,1.338797814,24,1291889.622,0.185774385,394.6577009,82
Census Tract 4406,68385,1.531428571,15,669815.3445,0.223942317,409.44596,95
Census Tract 4407,80208,1.133768352,7,327461.1048,0.213765846,198.416945,83
Census Tract 4408,31538,0.862222222,9,279073.6564,0.322495506,123.5317701,67
Census Tract 4409,69662,1.086278586,9,742630.1245,0.121190882,356.1717888,76
Census Tract 4503,61662,1.126101695,34,1366765.408,0.248762515,267.4126246,82
Census Tract 4601,41971,0.911021234,17,5484654.495,0.030995571,992.3653176,54
Census Tract 4602,31989,0.881081081,6,600207.7136,0.099965393,391.2172716,58
Census Tract 4603.01,40240,1.163478261,8,485921.1929,0.16463575,294.3164386,72
Census Tract 4603.02,44239,1.054878049,5,648525.9136,0.077097922,532.0587666,73
Census Tract 4604,55313,1.218776194,3,652528.3515,0.045975014,723.1792484,77
Census Tract 4605,94426,1.045199851,28,1277221.865,0.219225812,274.9714142,71
Census Tract 4606,94426,1.045199851,6,260610.5938,0.230228553,196.258975,
Census Tract 4607,94426,1.045199851,12,422528.7974,0.284004311,199.8124391,
Census Tract 4610,53194,0.456521739,22,616836.8952,0.356658303,136.3958402,33
Census Tract 4701,74148,1.202620968,19,1589069.575,0.119566823,268.2703147,70
Census Tract 4801,83083,1.34434968,16,668183.3889,0.239455219,7.302224402,82
Census Tract 4802,60724,0.942379182,6,286026.1604,0.209771022,199.4155829,70
Census Tract 4803,57700,1.013207547,5,415733.5605,0.120269338,201.8620778,68
Census Tract 4804,142974,1.428824834,31,1809902.353,0.171279959,50.34377178,91
Census Tract 4805,82500,1.119665272,21,1355403.154,0.154935452,152.9908378,72
Census Tract 4903,68750,1.199709513,11,632632.2604,0.173876685,385.7796577,
Census Tract 4904,68750,1.199709513,7,237760.9262,0.294413389,187.4485422,
Census Tract 4905,66728,1.265077139,28,1425938.075,0.196361963,68.45913555,86
Census Tract 4906,43821,1.628272251,8,679060.6995,0.117809792,401.3764915,89
Census Tract 4907,57598,1.30552546,4,640220.7621,0.062478449,397.1568943,85
Census Tract 4908,47378,1.351822504,25,1079252.687,0.231641767,117.7495234,82
Census Tract 4909.01,42708,0.889248181,16,845441.021,0.189250339,226.4633187,59
Census Tract 4909.02,75590,1.292654714,28,1196068.339,0.234100336,135.4164478,78
Census Tract 4910,46107,0.849904398,8,1277070.459,0.062643372,586.7867927,53
Census Tract 4911,67659,1.341886792,14,1322862.515,0.105831104,399.1847585,83
Census Tract 4912,51875,1.519287834,13,649494.6475,0.200155614,397.5403054,88
Census Tract 4913,37692,1.14374034,8,646029.6796,0.12383332,398.520657,69
Census Tract 4914,36250,0.81088314,27,829877.2833,0.325349308,303.3617176,60
Census Tract 5001,67452,1.35,22,2653039.573,0.082923754,704.8504966,92
Census Tract 5002,34409,0.991094148,22,2044082.155,0.107627768,515.4037081,69
Census Tract 5003,49116,1.189437428,3,709169.1579,0.042303024,389.9580137,80
Census Tract 501,49116,1.189437428,9,334635.5738,0.26894929,200.3175911,80
Census Tract 502,49116,1.189437428,15,652248.2317,0.229973793,392.5698013,85
Census Tract 503,49116,1.189437428,6,394730.5961,0.152002405,233.5728034,93
Census Tract 505,49116,1.189437428,15,652577.8207,0.229857643,394.4985294,86
Census Tract 506,49116,1.189437428,7,332452.8472,0.210556175,199.2031761,84
Census Tract 507,49116,1.189437428,4,164327.628,0.243416159,196.1712421,90
Census Tract 508,49116,1.189437428,4,162817.9415,0.245673171,195.1990545,80
Census Tract 509,49116,1.189437428,3,162720.8326,0.184364838,196.533636,82
Census Tract 510,49116,1.189437428,3,166635.9241,0.180033208,196.0026252,90
Census Tract 5101,42143,1.371186441,21,2373066.368,0.0884931,85.44338234,77
Census Tract 5102,51875,1.225498008,30,1279952.286,0.234383737,67.88955404,73
Census Tract 5103,27003,1.207995678,49,2957010.315,0.16570791,85.23329911,83
Census Tract 511,27003,1.207995678,5,162699.1469,0.307315686,196.5584605,89
Census Tract 512,27003,1.207995678,4,164666.4504,0.242915299,196.156436,88
Census Tract 513,27003,1.207995678,9,321995.2212,0.279507254,193.0569482,97
Census Tract 514,27003,1.207995678,7,358884.7053,0.195048713,226.4695996,84
Census Tract 5201,55536,1.712550607,12,3099839.635,0.03871168,398.959722,87
Census Tract 5202,44784,1.184362934,8,1210350.233,0.066096571,392.8855807,76
Census Tract 5203,46250,1.53275582,14,956737.9161,0.146330565,182.1374102,86
Census Tract 5204,44402,1.541237113,15,719869.3709,0.208371138,42.22365496,92
Census Tract 5205,67361,1.808293678,13,1050379.77,0.12376476,320.788438,97
Census Tract 5206,79554,1.752258065,12,1090994.385,0.1099914,60.02860576,98
Census Tract 5301,37230,1.195838433,16,649936.5227,0.246177887,221.537138,64
Census Tract 5302,52042,1.139570552,20,1297345.755,0.154160908,398.4651848,75
Census Tract 5303,49955,1.285908781,19,1308194.911,0.145238296,397.6629134,91
Census Tract 5304,77041,1.265223275,12,1312060.872,0.091459171,406.8820894,73
Census Tract 5305.01,51189,1.333523051,12,1296491.832,0.092557467,398.7403152,75
Census Tract 5305.02,64397,1.527777778,0,807964.8107,0,550.2997616,88
Census Tract 5305.03,58775,1.457161543,8,1637979.424,0.048840662,57.1259828,86
Census Tract 5306,48438,1.043577982,17,1034198.881,0.164378441,107.5871558,74
Census Tract 5401.01,20850,0.709821429,12,3866268.072,0.031037682,398.5728183,57
Census Tract 5401.02,29831,0.634146341,11,5296525.912,0.02076833,1016.79072,51
Census Tract 5501,67409,1.595582329,42,8323801.151,0.050457717,333.0493123,89
Census Tract 5502,74643,1.487708948,6,5401451.254,0.011108126,1044.920552,87
Census Tract 5601,75208,1.604294479,7,736736.2595,0.095013649,166.2194585,92
Census Tract 5602,71719,1.343470483,4,668997.9899,0.059790912,367.9272949,83
Census Tract 5603,69821,1.631835938,5,659004.3856,0.075872029,395.5620048,84
Census Tract 5604,67639,1.545454545,6,334561.0268,0.179339478,193.7198164,88
Census Tract 5607,78237,1.641252006,12,661244.2066,0.18147607,14.78038397,85
Census Tract 5608,96029,1.706905371,23,1321149.99,0.174090756,218.6916658,95
Census Tract 5609,117630,1.86949429,8,1319255.024,0.060640285,389.5719175,96
Census Tract 5610,126982,1.727396022,17,1328260.135,0.127986977,396.3439062,95
Census Tract 5611,99762,1.670345489,17,1321991.675,0.128593851,193.6206223,95
Census Tract 5701,63654,1.603773585,13,1523743.595,0.085316191,407.4766825,89
Census Tract 5702,76066,1.369536424,14,1763042.524,0.079408181,728.0111071,71
Census Tract 5703,60625,1.370793269,13,980174.1388,0.132629494,386.0104742,77
Census Tract 5704,75156,1.254545455,15,463390.8291,0.323700839,43.52182804,84
Census Tract 5705,45607,1.541271989,11,423601.336,0.259678123,177.2565582,88
Census Tract 5801,51736,1.361751152,16,763543.352,0.209549333,237.1025757,87
Census Tract 5802,41969,1.687804878,23,729821.6501,0.315145488,62.63931464,96
Census Tract 5803,66094,1.729844413,9,471020.5644,0.19107446,102.7970635,92
Census Tract 5804,57500,1.458594294,22,1316119.689,0.167158049,352.0415647,88
Census Tract 5805.01,41952,1.448016416,12,492118.1237,0.243843895,294.6535729,87
Census Tract 5805.02,41861,1.214184397,10,494418.2603,0.202257902,261.5219722,74
Census Tract 5806,56157,1.447831978,11,492786.4736,0.223220413,192.485802,81
Census Tract 5807,46859,1.4015844,7,549608.6662,0.127363348,255.3929363,83
Census Tract 5808,56438,1.548828125,5,183274.8387,0.272814317,197.746696,95
Census Tract 5905,79342,1.281805746,19,596380.5492,0.318588526,190.7137123,84
Census Tract 5906,57045,1.396643783,3,348145.384,0.086170897,392.6639138,85
Census Tract 5907,88958,1.475266731,13,869699.6477,0.149476892,127.8525997,85
Census Tract 6004,76667,1.22106632,13,327224.8881,0.397280295,193.3910276,75
Census Tract 6006,46111,1.046328671,7,394134.1628,0.177604498,72.40431265,77
Census Tract 6007,39559,0.964133219,9,465210.0061,0.193461015,96.14004954,63
Census Tract 6009,71607,1.258365759,8,383219.2756,0.208757766,159.5325412,81
Census Tract 601,71607,1.258365759,7,325545.8145,0.215023499,212.9984842,82
Census Tract 602,71607,1.258365759,3,318277.8332,0.094257271,397.2517568,72
Census Tract 603,71607,1.258365759,6,319705.3981,0.187672777,185.6699295,80
Census Tract 604,71607,1.258365759,7,325030.7826,0.215364217,194.7669893,82
Census Tract 605,71607,1.258365759,6,228281.9959,0.262832817,25.53817941,52
Census Tract 608,71607,1.258365759,11,247373.7301,0.444671307,134.0070707,62
Census Tract 609,71607,1.258365759,21,903499.7678,0.232429501,324.1225544,57
Census Tract 610,71607,1.258365759,2,172814.618,0.11573095,208.3143902,64
Census Tract 6103,32167,1.125956145,14,2383588.654,0.058734967,762.5283675,70
Census Tract 6104,43656,1.18079096,4,163181.265,0.245126179,191.3501016,80
Census Tract 6108,78333,1.411231884,2,331962.9574,0.060247686,403.8622527,82
Census Tract 611,78333,1.411231884,5,173035.5071,0.288958034,109.830081,70
Census Tract 6110,78333,1.411231884,12,571301.0773,0.210046865,358.4376008,
Census Tract 6111,78333,1.411231884,8,326781.4381,0.244811947,199.5720882,
Census Tract 6112,30000,1.161290323,8,327039.6989,0.24461862,192.0001946,79
Census Tract 6113,41596,0.885742188,8,327030.6249,0.244625408,192.1169363,57
Census Tract 6114,41809,1.146520147,6,326298.1179,0.183880926,194.6910266,73
Census Tract 6115,35820,0.959247649,14,488121.2805,0.286813965,351.7946105,74
Census Tract 6116,39076,1.143712575,11,315135.7387,0.349055935,188.5993421,77
Census Tract 6117,23646,1.220551378,9,328312.147,0.274129364,191.220205,89
Census Tract 6118,71125,1.083453237,5,327806.3819,0.152529062,192.6238504,71
Census Tract 6119,45417,0.638888889,16,653546.4341,0.244818106,397.3721349,40
Census Tract 612,45417,0.638888889,3,174670.3774,0.171752076,210.2778926,74
Census Tract 6120,57417,0.93081761,9,325923.2855,0.276138601,192.3894572,62
Census Tract 6121,38826,0.847887324,9,326345.4113,0.275781417,194.324919,59
Census Tract 615,32500,1.06856634,1,162911.0361,0.061383196,197.4275853,84
Census Tract 618,32500,1.06856634,6,82841.72295,0.72427272,58.35889003,48
Census Tract 619.01,32500,1.06856634,5,160610.1152,0.311312895,94.60697506,36
Census Tract 619.02,32500,1.06856634,10,861874.8585,0.116026125,424.8140394,57
Census Tract 620,32500,1.06856634,7,224976.5251,0.311143574,203.7764664,57
Census Tract 6201,65217,2.060711188,6,837580.2318,0.071634928,522.743566,98
Census Tract 6202,73542,1.403314917,11,577054.5614,0.190623222,274.8966732,86
Census Tract 6203,61250,1.473411154,16,992182.6435,0.161260632,395.8476659,79
Census Tract 6204,70078,1.653179191,12,656282.7772,0.18284801,395.2325125,90
Census Tract 621,70078,1.653179191,9,244805.8846,0.367638221,99.80023639,59
Census Tract 622,70078,1.653179191,1,242322.6728,0.04126729,294.5698325,86
Census Tract 623,70078,1.653179191,3,163309.9508,0.183699768,195.4756211,83
Census Tract 624,70078,1.653179191,2,162937.4316,0.122746503,193.3290304,83
Census Tract 625,70078,1.653179191,3,161002.0413,0.186333041,196.0695094,81
Census Tract 626,70078,1.653179191,4,330019.0469,0.121205126,195.2848864,95
Census Tract 627,70078,1.653179191,8,325098.3566,0.246079374,194.5444217,81
Census Tract 628,70078,1.653179191,4,325610.5385,0.122846147,388.9298422,86
Census Tract 629,70078,1.653179191,2,325736.904,0.061399245,396.2496603,73
Census Tract 630,70078,1.653179191,11,324350.0545,0.339139761,189.189165,61
Census Tract 6301,70078,1.653179191,7,508069.5033,0.137776425,201.5733598,
Census Tract 6302,70078,1.653179191,11,634189.8572,0.173449636,188.2968784,
Census Tract 6303,56667,1.505169867,11,985489.1457,0.111619697,403.2083992,79
Census Tract 6304,35494,1.446573751,17,658248.316,0.2582612,397.2468247,83
Census Tract 6305,43547,1.448275862,15,657742.5057,0.228052769,398.0295454,85
Census Tract 6308,56111,1.673384707,15,655812.6714,0.228723851,397.4373057,86
Census Tract 6309,49083,1.154014599,11,659757.9198,0.16672782,396.6847262,70
Census Tract 631,49083,1.154014599,10,159625.2326,0.626467372,191.5885703,49
Census Tract 632,49083,1.154014599,14,764257.21,0.183184402,271.8931775,51
Census Tract 633.01,49083,1.154014599,3,93852.98936,0.319648849,104.3090038,35
Census Tract 633.02,49083,1.154014599,8,121199.4081,0.66006923,57.6174567,46
Census Tract 633.03,49083,1.154014599,2,236592.4054,0.084533567,176.5675905,53
Census Tract 634,49083,1.154014599,8,158835.7408,0.503664979,23.0282077,66
Census Tract 6401,54792,1.296943231,6,325922.2314,0.184092996,183.775717,78
Census Tract 6403,66542,1.543591979,21,1324650.601,0.158532371,12.55996441,87
Census Tract 6404,94167,1.754039497,15,1334945.744,0.112364117,398.5174514,93
Census Tract 6405,82333,1.61986755,17,661915.1351,0.256830507,194.4566136,96
Census Tract 6406,56806,1.369177688,21,659754.9287,0.318300009,11.30216431,88
Census Tract 6407,63640,1.735810114,20,657152.1643,0.304343516,195.5100773,94
Census Tract 6408,61667,1.663157895,9,326704.5183,0.275478284,187.7641648,87
Census Tract 6501,50250,1.30355846,11,673591.0564,0.163303831,398.4838932,75
Census Tract 6502,81643,1.519277696,15,990903.6043,0.151376985,392.4575958,86
Census Tract 6503.01,67606,1.623071764,9,985552.9106,0.091319298,399.4470859,88
Census Tract 6503.02,49811,1.829136691,8,661844.1649,0.120874375,398.1067273,99
Census Tract 6504,58143,1.878976918,13,1098629.939,0.118329198,124.4092752,96
Census Tract 6505,79712,1.66515544,23,3241742.955,0.070949487,420.6857832,84
Census Tract 6603.01,26359,0.731448763,6,163781.6327,0.366341445,92.71805467,50
Census Tract 6603.02,37397,1.189208129,11,491838.7279,0.223650546,298.1824195,78
Census Tract 6604,47330,1.533967391,13,645647.4538,0.201348273,391.6641736,86
Census Tract 6605,45855,1.449209932,11,659357.438,0.166829088,397.345625,82
Census Tract 6606,36632,0.989936441,13,658609.4732,0.19738556,9.930447242,65
Census Tract 6607,26786,0.818032787,8,480682.1586,0.166430142,190.4986468,58
Census Tract 6608,43289,1.17037037,8,655388.2872,0.122065044,12.97489563,77
Census Tract 6609,43598,1.167560322,26,1972992.524,0.131779516,397.7904325,74
Census Tract 6610,43601,1.16951567,12,1118645.027,0.107272635,181.3587479,73
Census Tract 6611,55100,1.769356598,11,1299748.412,0.084631763,10.24411172,92
Census Tract 6702,34632,0.765957447,6,326542.5702,0.183743271,190.4620312,61
Census Tract 6703,34464,0.896226415,7,326330.1737,0.214506673,190.124043,61
Census Tract 6704,36742,0.771836007,7,326420.3609,0.214447407,194.6588146,53
Census Tract 6705,59028,1.056022409,14,622493.0524,0.224902108,20.5042028,75
Census Tract 6706,32344,0.792682927,7,327033.7602,0.21404518,190.7958796,58
Census Tract 6707,41000,1.412140575,6,326728.1969,0.18363888,192.9798478,81
Census Tract 6708,28000,0.600849257,4,326299.3403,0.122586825,192.3089143,46
Census Tract 6709,32827,0.840490798,9,326288.9618,0.275829129,194.6783886,72
Census Tract 6711,35536,0.852140078,6,245620.2427,0.24427954,222.6354114,71
Census Tract 6712,54500,0.660066007,6,244920.2525,0.244977699,211.6973617,54
Census Tract 6713,33819,0.87874465,8,484660.2313,0.16506409,194.1688169,64
Census Tract 6714,23977,1.170250896,10,495625.0667,0.201765421,199.9434111,78
Census Tract 6715,52587,1.275946276,16,741164.3573,0.215876544,70.0834586,72
Census Tract 6716,38250,0.674140508,9,407250.9335,0.220993969,95.04803671,46
Census Tract 6718,43250,0.944444444,3,324236.4408,0.092525072,195.4023554,75
Census Tract 6719,50865,1.260869565,8,322061.3424,0.248399884,212.6978812,82
Census Tract 6720,55014,1.273529412,20,995026.956,0.20099958,200.3086515,78
Census Tract 6805,38500,1.093275488,8,326859.4412,0.244753524,195.7666591,71
Census Tract 6806,45341,1.01594533,8,326464.737,0.245049437,195.5501292,73
Census Tract 6809,23008,0.41084855,15,1033027.627,0.145204248,374.2879643,33
Census Tract 6810,32589,0.803846154,11,651694.6105,0.168790716,396.9975101,50
Census Tract 6811,18750,0.737327189,17,652441.1217,0.26055991,9.637050781,62
Census Tract 6812,23852,0.721728081,17,794728.7304,0.213909468,100.5151976,50
Census Tract 6813,22813,0.710526316,17,721327.0566,0.235676727,159.059157,51
Census Tract 6814,41864,1.080246914,13,643435.6328,0.202040411,204.9241913,74
Census Tract 6903,31923,0.666216216,21,512068.2822,0.410101557,65.32287975,56
Census Tract 6904,27750,0.810511757,24,651657.5494,0.368291598,10.51479578,65
Census Tract 6905,36935,0.893416928,17,320685.3728,0.530114606,180.0151573,55
Census Tract 6909,59758,1.011422045,14,655459.185,0.213590721,398.7882772,66
Census Tract 6910,70000,0.977127173,18,648683.4802,0.277485099,398.3164347,74
Census Tract 6911,25278,0.717566016,21,675737.3436,0.310771636,30.47433634,48
Census Tract 6912,28854,0.650625602,24,1013722.157,0.236751262,76.68972953,54
Census Tract 6913,49191,0.915673694,17,647445.8416,0.262570225,398.0197018,67
Census Tract 6914,36615,0.965023847,17,656678.8023,0.258878464,396.5685602,64
Census Tract 6915,19554,0.71624714,10,671196.4686,0.148987673,390.7104543,57
Census Tract 7001,76480,1.891472868,27,2311838.122,0.116790184,403.1892632,92
Census Tract 7002,83892,1.999453552,21,1623944.733,0.129314746,138.4311277,96
Census Tract 7003.01,67272,1.842770753,9,1275710.792,0.070548905,402.0095748,95
Census Tract 7003.02,89970,1.720850086,12,1319647.278,0.09093339,396.9919091,94
Census Tract 7004.01,90119,1.761122881,19,1482527.406,0.12815952,447.7785653,93
Census Tract 7004.02,66591,1.523275862,15,1148946.327,0.130554401,341.8023862,90
Census Tract 7005.01,77157,1.632884777,14,1670354.81,0.083814528,405.9257824,92
Census Tract 7005.02,102895,1.983501375,14,1722969.259,0.081255077,376.2964282,95
Census Tract 701.01,102895,1.983501375,10,1197874.291,0.083481214,415.0363348,61
Census Tract 701.02,102895,1.983501375,4,124701.5541,0.32076585,141.6174889,52
Census Tract 701.03,102895,1.983501375,2,69092.46243,0.289467176,93.78399598,42
Census Tract 702,102895,1.983501375,9,341404.9568,0.263616559,210.3643316,66
Census Tract 703,102895,1.983501375,8,324400.8852,0.246608452,194.3457335,78
Census Tract 704,102895,1.983501375,4,324369.6136,0.123316113,395.6208528,68
Census Tract 705,102895,1.983501375,3,305416.1568,0.098226631,392.0398038,72
Census Tract 706,102895,1.983501375,5,343157.0399,0.145705884,203.9745352,90
Census Tract 707,102895,1.983501375,12,686127.5147,0.174894604,334.4105529,83
Census Tract 710,102895,1.983501375,2,324639.9884,0.061606705,396.9767582,82
Census Tract 7101,33929,0.7960199,5,215114.2268,0.23243465,203.2451715,60
Census Tract 7102,43108,0.870359099,13,741530.088,0.175313183,226.9632108,61
Census Tract 7103,42738,1.26719057,4,327581.0783,0.122107175,196.6301524,74
Census Tract 7104,53235,1.135288553,15,1002523.274,0.149622461,186.4567655,79
Census Tract 7105,41386,0.922673657,18,748394.3028,0.240514926,206.4683609,69
Census Tract 7106,48676,0.659952607,4,244932.5706,0.163310253,205.9673545,55
Census Tract 7107,50321,0.913598798,12,490083.2145,0.244856376,263.9036576,68
Census Tract 7108,22269,0.657338965,18,816277.6055,0.220513216,297.0396286,47
Census Tract 7109,35516,1.066126856,14,990852.1167,0.141292528,342.492849,70
Census Tract 711,35516,1.066126856,9,325459.1344,0.276532414,86.97965241,72
Census Tract 7110,40000,1.144366197,12,654359.3879,0.183385464,394.0744605,76
Census Tract 7111,62583,1.456037515,10,653931.1156,0.152921306,393.9848296,87
Census Tract 7112,75714,1.380127094,17,1102236.028,0.154231939,250.7692031,79
Census Tract 7113,56250,1.054945055,6,350016.7997,0.171420343,244.6143006,70
Census Tract 7114,43417,1.295857988,15,747486.4856,0.200672524,254.7405055,82
Census Tract 7115,46840,1.295508274,9,649393.1272,0.138590934,395.8165841,85
Census Tract 712,46840,1.295508274,13,325201.7719,0.399751819,5.920189715,59
Census Tract 713,46840,1.295508274,7,309581.6797,0.226111571,174.436964,75
Census Tract 714,46840,1.295508274,16,1323872.524,0.120857558,560.674122,65
Census Tract 715,46840,1.295508274,25,1618624.062,0.154452171,134.0910771,56
Census Tract 716,46840,1.295508274,4,162133.7928,0.246709827,189.9266565,79
Census Tract 717,46840,1.295508274,2,159949.2284,0.125039678,187.2502187,85
Census Tract 718,46840,1.295508274,7,323368.0482,0.216471604,215.4958514,86
Census Tract 7201,165833,1.84141791,17,1972034.409,0.086205392,714.1900287,99
Census Tract 7202,104010,1.659333752,13,1668934.027,0.077894032,548.660839,97
Census Tract 7203,151125,1.690897184,9,1261675.09,0.071333738,776.1717896,94
Census Tract 7204,106875,1.808282209,5,663283.8523,0.075382508,393.0700099,99
Census Tract 7205,159148,1.836619718,9,1042170.451,0.086358234,384.8616799,97
Census Tract 7206,141830,1.854812398,4,582371.4303,0.068684688,403.4124506,98
Census Tract 7207,113750,1.511020408,11,1049859.807,0.104775894,394.5748162,93
Census Tract 7301,60298,1.287117904,7,660212.7012,0.106026436,395.8095059,82
Census Tract 7302.01,63750,1.079805353,9,999818.8413,0.090016307,449.4862966,72
Census Tract 7302.02,86821,1.544723618,9,876170.0655,0.102719784,548.6764004,93
Census Tract 7303,51563,1.284530387,5,297684.7108,0.167962943,178.3026296,78
Census Tract 7304,101500,1.489942529,30,1278084.521,0.23472626,68.90652279,90
Census Tract 7305,65111,1.360344828,17,1313922.126,0.129383619,396.0575164,83
Census Tract 7306,52204,1.405668733,24,1007264.242,0.238269155,411.4581171,91
Census Tract 7307,54669,1.361185984,14,988110.4323,0.141684568,411.9540484,83
Census Tract 7401,113036,1.458684654,20,891332.5247,0.22438315,197.6930394,92
Census Tract 7402,135577,1.808699951,23,1966293.648,0.116971339,156.1237938,94
Census Tract 7403,142426,1.729417934,17,1320728.961,0.128716796,399.362112,97
Census Tract 7404,120592,1.634226353,23,2838802.707,0.081020072,346.8324265,96
Census Tract 7501,73654,1.419261405,21,1285532.586,0.163356419,394.8968262,85
Census Tract 7502,104653,1.430734292,8,1310962.388,0.061023871,407.8455535,91
Census Tract 7503,120074,1.64958159,4,661766.4354,0.060444286,399.5112095,92
Census Tract 7504,128696,1.596618357,3,995560.1496,0.03013379,673.6277859,98
Census Tract 7505,61650,1.296663191,32,2636337.421,0.121380517,322.2664117,86
Census Tract 7506,55694,1.177204659,19,1316349.223,0.144338597,396.8122867,76
Census Tract 7608.01,82167,1.087155963,12,1300579.862,0.092266537,390.813197,91
Census Tract 7608.02,85875,1.42605042,9,6213668.595,0.014484197,944.175066,90
Census Tract 7608.03,66422,1.523328691,9,760357.4749,0.118365378,194.1850883,91
Census Tract 7706.02,75387,1.706727629,0,5541130.981,0,6217.310194,91
Census Tract 7709.02,81923,1.601092896,16,1164794.565,0.137363278,29.44798006,92
Census Tract 801,124922,1.687727825,12,265777.8507,0.451504893,83.62461274,63
Census Tract 802.01,167250,2.171149144,7,135302.9213,0.51735764,41.36933092,67
Census Tract 802.02,167250,2.171149144,9,155329.1093,0.579414898,47.38592837,57
Census Tract 803,171425,1.915121951,13,361488.568,0.359624097,218.0336681,64
Census Tract 804,96875,2.006514658,7,327344.2428,0.21384216,216.1915995,66
Census Tract 810,173594,1.316006601,24,298824.3051,0.803147521,61.20611491,37
Census Tract 8104,143558,1.966930601,0,2319080.766,0,892.3690007,97
Census Tract 811,75365,1.502325581,6,102349.2952,0.586227779,79.18234945,36
Census Tract 812.01,177321,1.813120176,8,185123.1482,0.432144768,164.5212031,51
Census Tract 812.02,177321,1.813120176,9,735030.0054,0.122443981,297.5150246,72
Census Tract 813,158625,1.509331728,11,202658.9634,0.542783789,49.31162896,50
Census Tract 814.01,58125,1.777777778,13,279854.8683,0.464526491,52.61426475,46
Census Tract 814.02,58125,1.777777778,10,588263.5144,0.169991845,116.6524687,67
Census Tract 814.03,58125,1.777777778,16,1819090.99,0.087956018,43.36145246,46
Census Tract 815,54286,1.374748693,19,295436.3458,0.643116538,88.63458011,60
Census Tract 816,101076,1.205510052,14,132805.7662,1.054171095,65.75522271,44
Census Tract 817,79534,1.874721604,20,371563.7796,0.538265598,56.32055743,38
Census Tract 818,83197,1.410589875,21,746628.9136,0.281264221,93.56759035,68
Census Tract 819,115809,1.595480226,3,137749.9132,0.217785981,181.6072984,82
Census Tract 8214.02,76724,1.359341446,4,1786651.778,0.022388246,892.6065486,86
Census Tract 8233.04,63845,1.493966524,7,3557489.964,0.019676795,306.0324577,88
Census Tract 8305,42033,1.638379942,30,4113598.565,0.072928847,119.0861605,92
Census Tract 8306,60250,0.930501931,11,661391.7239,0.166315961,132.346566,66
Census Tract 8307,86450,0.833506764,23,868895.2113,0.264703956,349.2861583,62
Census Tract 8308,120333,0.833902939,7,336534.1918,0.208002639,200.7320921,69
Census Tract 8309,114844,1.451073986,21,1037684.695,0.202373612,202.2821429,95
Census Tract 8310,219688,1.288,10,281988.2256,0.354624736,40.73471767,94
Census Tract 8311,83780,1.239715782,30,1315153.738,0.228110214,395.5901038,77
Census Tract 8312,45039,1.470006592,11,574946.194,0.191322251,199.6424387,84
Census Tract 8313,54236,1.317073171,17,576172.9901,0.295050276,132.0608608,91
Census Tract 8314,34063,0.997061704,40,2104284.668,0.19008835,237.4742218,69
Census Tract 8315,59192,1.551776266,25,968250.1521,0.258197739,199.1609264,92
Census Tract 8316,71394,1.617222909,21,1488842.117,0.141049207,216.4540504,86
Census Tract 8317,90500,1.121896163,18,532281.0114,0.338167239,89.68468787,73
Census Tract 8318,65877,1.283682008,33,1903566.664,0.173358783,281.3313911,85
Census Tract 8319,205417,1.111338798,7,324324.2551,0.215833379,184.2074168,82
Census Tract 8320,195156,0.997750281,9,167584.9043,0.537041211,114.3874216,67
Census Tract 8321,65739,0.771256171,13,222084.7347,0.58536216,75.00151994,65
Census Tract 8322,195438,1.075167785,8,399384.3632,0.200308293,207.6375526,78
Census Tract 8323,164250,1.225366876,19,840150.291,0.226150014,157.370052,85
Census Tract 8324,176417,1.053686471,7,323051.7382,0.216683558,192.5200881,82
Census Tract 8325,247813,1.13800738,10,783012.9674,0.127711806,381.2519621,73
Census Tract 8326,249375,1.252684776,14,721625.1969,0.194006529,379.0706079,85
Census Tract 8329,165948,0.959722222,9,401289.4921,0.224276991,9.717154456,69
Census Tract 8330,172363,0.889587426,15,1312664.567,0.114271386,403.6749054,73
Census Tract 8331,159756,0.960569004,27,922172.6019,0.292786838,151.2821493,80
Census Tract 8333,170497,0.723240116,14,477828.0466,0.292992429,241.0627811,57
Census Tract 8339,36652,0.95291202,10,706312.5979,0.141580371,203.0226695,57
Census Tract 8340,50438,0.987387387,13,988762.6681,0.131477456,358.1458123,77
Census Tract 8342,64476,1.141403321,32,975448.4807,0.32805423,171.7760667,82
Census Tract 8343,73095,1.154202005,29,1909305.228,0.151887711,613.4585458,76
Census Tract 8344,87813,1.00372737,11,585569.0586,0.187851456,390.437576,68
Census Tract 8345,37388,0.900943396,17,464133.8337,0.366273664,120.5633034,63
Census Tract 8346,29154,0.669543773,36,1562236.363,0.230438881,112.7202115,50
Census Tract 8347,30804,0.569948187,19,657991.9373,0.288757338,13.62712484,45
Census Tract 8348,51691,0.592123769,12,600481.9271,0.199839487,54.46351548,45
Census Tract 8349,41579,0.494905386,14,652720.2018,0.214487003,194.9346911,39
Census Tract 8350,38537,1.101265823,20,1004078.049,0.199187703,181.6638187,68
Census Tract 8351,45591,1.447619048,21,1003889.39,0.209186393,182.1987346,73
Census Tract 8352,98362,1.492890995,22,988536.746,0.22255116,173.940712,84
Census Tract 8355,22308,0.617647059,22,914489.6128,0.240571349,62.07062717,43
Census Tract 8356,32237,0.441501104,22,917536.2376,0.239772546,12.0668174,32
Census Tract 8357,32237,0.441501104,5,190189.4472,0.262895764,108.1591313,
Census Tract 8358,70696,0.865522175,8,284424.3508,0.281269869,160.3734547,71
Census Tract 8359,70696,0.865522175,25,647443.3813,0.38613415,19.95986527,
Census Tract 8360,113558,1.302504817,12,505740.3478,0.237275908,296.5774103,83
Census Tract 8361,24479,0.655440415,25,860471.7042,0.290538316,237.5766817,52
Census Tract 8362,250000,1.036697248,19,813725.1883,0.233494063,94.07196987,75
Census Tract 8363,112708,0.930340557,6,137520.139,0.436299733,93.57019417,73
Census Tract 8364,46332,0.901805869,14,1666110.346,0.084028048,485.994895,64
Census Tract 8365,49464,1.048257373,4,940474.7801,0.042531709,504.5246276,72
Census Tract 8366,66806,1.068476978,25,634176.5819,0.39421197,41.46243647,77
Census Tract 8367,62982,0.911623439,29,1227837.394,0.236187627,25.17104526,70
Census Tract 8368,19766,0.548705302,12,816016.0256,0.147055935,227.0802707,43
Census Tract 8369,25556,0.757918552,6,164714.8404,0.364265902,75.98809285,64
Census Tract 8370,39806,0.57486631,16,412544.9248,0.387836549,96.26792216,45
Census Tract 8371,38092,0.646884273,12,745298.0277,0.161009416,89.47835704,47
Census Tract 8373,30319,0.872946331,9,368499.1558,0.244233938,26.48674292,61
Census Tract 8374,34491,0.795252226,19,591450.0945,0.321244348,157.2535126,63
Census Tract 8378,54539,0.780795344,15,1005500.659,0.149179415,189.0630109,57
Census Tract 8380,41222,0.752156863,18,537837.1592,0.334673789,55.2620198,58
Census Tract 8381,160478,0.689134809,32,822114.0896,0.389240379,141.3048448,42
Census Tract 8382,178250,1.199494949,53,1157564.139,0.457857999,118.103273,73
Census Tract 8383,154091,0.944933921,9,348133.5275,0.258521495,102.978011,71
Census Tract 8386,23145,0.713385827,8,246252.6274,0.32486963,143.32167,57
Census Tract 8387,30901,0.75462963,15,658084.9259,0.227934107,396.6778386,50
Census Tract 8388,37104,1.13466788,21,21640424.44,0.009704061,1478.340269,75
Census Tract 8390,128920,0.601169383,14,516456.1272,0.271078205,122.1509761,50
Census Tract 8391,154306,0.549356223,63,1186062.867,0.531169146,87.98436583,49
Census Tract 8392,59167,0.851769912,19,650885.3748,0.291910077,101.0186023,69
Census Tract 8395,112750,1.017333333,8,262519.665,0.304739075,176.3422058,63
Census Tract 8396,59792,0.761797753,13,326898.4116,0.397677062,172.1283225,56
Census Tract 8397,97315,1.283680175,10,648638.1602,0.15416916,274.4512445,82
Census Tract 8398,79792,1.108267717,9,266174.0369,0.338124639,158.4490805,79
Census Tract 8399,92625,1.381585426,26,1179548.248,0.22042337,218.2150362,90
Census Tract 8400,107578,1.419087137,9,591627.4807,0.152122751,40.84621195,90
Census Tract 8401,57924,1.024956971,9,335805.5313,0.268012262,185.9495017,75
Census Tract 8402,63854,1.382314694,15,831093.654,0.180485074,132.734794,86
Census Tract 8403,70093,1.491452991,21,831225.1035,0.252639146,197.827081,86
Census Tract 8404,62452,1.54318789,25,982644.2346,0.254415577,164.3361993,85
Census Tract 8407,75139,1.340155945,11,541527.195,0.203129226,130.227611,82
Census Tract 8408,41208,1.314606742,8,328680.9629,0.243397121,196.4906657,89
Census Tract 8410,117222,1.01458671,26,1353146.74,0.192144719,88.18219781,77
Census Tract 8411,60636,0.877361854,32,1143245.245,0.279904947,182.8020095,58
Census Tract 8412,55493,1.0925,15,625405.8283,0.239844263,211.5075362,69
Census Tract 8413,51912,1.1359447,20,1410350.207,0.14180875,188.7898044,82
Census Tract 8414,51912,1.1359447,10,238636.9232,0.419046636,109.8490234,
Census Tract 8415,31932,0.854271357,17,432306.3862,0.393239622,194.7895736,65
Census Tract 8416,31932,0.854271357,5,159366.7208,0.313741788,170.4888343,
Census Tract 8417,22115,0.650238474,7,266796.8311,0.262371932,139.9075232,49
Census Tract 8418,43482,0.903508772,39,1643117.341,0.237353712,89.20423038,71
Census Tract 8419,125625,1.022332506,46,2564977.51,0.179338804,72.95054412,78
Census Tract 8420,174271,1.307246377,21,589975.993,0.355946687,104.8506754,84
Census Tract 8421,39360,1.356283101,26,2034640.427,0.127786707,13.84306632,88
Census Tract 8422,143580,0.828828829,24,1565695.37,0.153286523,180.1193307,71
Census Tract 8423,180302,1.250840619,35,1872231.863,0.186942658,156.5846044,88
Census Tract 8424,52760,0.868945869,38,1968638.234,0.193026831,189.2213557,67
Census Tract 8425,20041,0.341801386,25,1075342.404,0.23248409,163.6159164,32
Census Tract 8426,79444,1.349799733,55,3679424.321,0.149479906,489.3056318,85
Census Tract 8428,33828,1.428787116,30,1516561.723,0.197815885,92.97993244,88
Census Tract 8429,26600,0.567629179,34,2208286.361,0.153965539,260.4268311,45
Census Tract 8430,30167,0.705450734,25,1065156.721,0.234707245,183.4381975,50
Census Tract 8431,41053,0.884700665,24,1012677.924,0.23699539,163.7986546,62
Census Tract 8432,48333,1.065101387,46,3162059.991,0.145474786,204.3766959,76
Census Tract 8433,60417,1.025714286,14,584251.0369,0.239623024,192.9984141,72
Census Tract 8434,34439,0.613986014,12,656155.3272,0.182883526,219.7359532,48
Census Tract 8435,27216,1.349344978,27,2032655.019,0.132831197,154.9177941,91
Census Tract 8436,72391,1.061778683,12,410893.1216,0.292046748,229.8392051,73
Census Tract 8437,202250,1.238624874,22,1263069.507,0.174178855,206.3184465,82
Census Tract 8438,49750,0.9543379,19,1309513.884,0.145092009,88.09107852,65
Census Tract 8439,82679,0.94282898,34,2211632.373,0.153732602,341.8526371,80
Census Tract 901,56932,0.862928349,0,933126.9716,0,1228.155989,89
Census Tract 902,56932,0.862928349,16,1552548.698,0.103056349,393.3650062,93
Census Tract 903,56932,0.862928349,1,496118.6065,0.02015647,256.7418922,97
